🥇 whu-iasp,0.7201149425287356,0.7416395383249482,0.6998045238760123,0.9065,0.9824744544596792,0.0175255455403208,0.3001954761239877
🥈 RAM,0.7194150672411542,0.6755762628739578,0.7693381736944988,0.9384,0.9734406680986892,0.0265593319013109,0.2306618263055012
🥉 Utokyo,0.7169542278625409,0.7325174825174825,0.7020385367215861,0.7269,0.9815710758235802,0.0184289241764198,0.2979614632784138
SQZ_ww,0.6995666154061233,0.700447928331467,0.6986875174532253,0.9436,0.9785196635416458,0.0214803364583542,0.3013124825467746
INRIAD&S,0.6941348973607038,0.7307811052794072,0.6609885506841664,0.9442,0.9824945295404814,0.0175054704595186,0.3390114493158335
Najva,0.6893740902474528,0.7199756764974157,0.6612678022898631,0.9491,0.9815108505811736,0.0184891494188264,0.3387321977101368
TajweedAI,0.6725639253628196,0.6658456486042693,0.6794191566601508,0.9366,0.9754883263405136,0.0245116736594864,0.3205808433398492
Kalimat,0.6701846965699207,0.6665745856353591,0.6738341245462162,0.9379,0.9757693774717444,0.0242306225282556,0.3261658754537838
Hafs2Vec2,0.6110201854882706,0.501432664756447,0.7819044959508518,0.9057,0.9441109750466744,0.0558890249533254,0.2180955040491483
UAR,0.5855090375405531,0.6552558782849239,0.5291817927953085,0.9364,0.9799851444402063,0.0200148555597936,0.4708182072046914
Masked,0.55790381712314,0.4544177059546812,0.7224239039374476,0.9,0.937646799028366,0.0623532009716339,0.2775760960625523
SAM,0.4861878453038675,0.3657368272752888,0.7249371683887182,0.8711,0.9096219862284946,0.0903780137715054,0.2750628316112817
AIRecite,0.4507453511602889,0.3109297148309127,0.8190449595085172,0.8357,0.8695119747856985,0.1304880252143015,0.1809550404914828
Vicomtech,0.4456347080878414,0.3275160740060359,0.6970120078190449,0.8574,0.8971152108887238,0.1028847891112761,0.302987992180955,0.5833333333333334
Baseline,0.4414,0.3039,0.7707,0.8385,0.8763,0.1237,0.2293,0.612
Sari-como,0.4287725016667901,0.2917927001411575,0.8081541468863446,0.8262,0.8589926324453456,0.1410073675546544,0.1918458531136554,0.6085003455425018
MONADA,0.4122770051973592,0.2754058365393638,0.8196034627199107,0.8096,0.8449802260454098,0.1550197739545901,0.1803965372800893,0.6201022146507666
Qari,0.4120919338310642,0.2792381708163872,0.7860932700363027,0.8141,0.8541344628912131,0.1458655371087868,0.2139067299636972,0.5793960923623446
suwayhibv6,0.4087320656277888,0.2709812488621882,0.8313320301591735,0.8019,0.8392186778551783,0.1607813221448216,0.1686679698408265,0.6140409808532079
Yassine,0.4042249500428205,0.271498418176589,0.7908405473331471,0.8094,0.8474494609840805,0.1525505390159195,0.2091594526668528,0.5847457627118644
Khteeb.ai,0.3981092436974789,0.2602351729465282,0.8466908684724938,0.7901,0.8269728785658362,0.1730271214341637,0.1533091315275062,0.6160949868073878
frenchfries,0.2150268957140378,0.1227708647063485,0.8651214744484781,0.5414,0.5556180113624958,0.4443819886375043,0.1348785255515219,0.5332472562943835