surah,ayah,word_idx,reciter,frac_of_ayah,median_frac,z
98,8,7,Abu_Bakr_Ash-Shaatree_128kbps,0.17867,0.03672,52.16
109,4,1,Minshawy_Murattal_128kbps,0.34641,0.07717,36.44
89,18,2,Abu_Bakr_Ash-Shaatree_128kbps,0.33488,0.10037,31.52
82,1,0,Hani_Rifai_192kbps,0.30968,0.07426,30.62
89,23,2,Saood_ash-Shuraym_128kbps,0.47059,0.16413,25.19
84,1,0,Hani_Rifai_192kbps,0.29358,0.07324,23.39
84,7,1,Husary_64kbps,0.28889,0.07844,18.46
89,16,7,Hani_Rifai_192kbps,0.25621,0.11174,17.44
89,15,8,Abu_Bakr_Ash-Shaatree_128kbps,0.21188,0.09382,16.72
83,14,5,Minshawy_Murattal_128kbps,0.13804,0.03828,16.71
78,37,6,Abu_Bakr_Ash-Shaatree_128kbps,0.16817,0.03982,15.56
78,24,3,Alafasy_128kbps,0.25470,0.11988,15.17
82,5,2,Mohammad_al_Tablaway_128kbps,0.18167,0.06405,14.45
97,3,3,Hani_Rifai_192kbps,0.22444,0.07772,14.18
81,1,0,Hani_Rifai_192kbps,0.41693,0.12535,13.66
78,37,4,Alafasy_128kbps,0.20847,0.10440,13.45
85,10,8,Abu_Bakr_Ash-Shaatree_128kbps,0.14035,0.05705,13.03
78,35,3,Alafasy_128kbps,0.27939,0.10923,12.78
80,17,3,Mohammad_al_Tablaway_128kbps,0.46075,0.23896,12.52
79,45,1,Mohammad_al_Tablaway_128kbps,0.36130,0.16369,12.45
92,5,1,Hani_Rifai_192kbps,0.21326,0.11178,12.25
98,8,8,Hani_Rifai_192kbps,0.10034,0.05170,11.95
85,11,5,Abu_Bakr_Ash-Shaatree_128kbps,0.11090,0.03933,11.63
90,16,3,Minshawy_Murattal_128kbps,0.58586,0.30465,11.58
96,10,0,Hani_Rifai_192kbps,0.04800,0.31065,11.41
79,12,3,Hani_Rifai_192kbps,0.42152,0.22991,11.24
81,7,0,Alafasy_128kbps,0.31849,0.17574,10.96
80,8,1,Abdul_Basit_Murattal_64kbps,0.41053,0.16672,10.91
78,25,1,Alafasy_128kbps,0.42857,0.23871,10.73
91,2,1,Hani_Rifai_192kbps,0.37327,0.20810,10.71
81,15,1,Minshawy_Murattal_128kbps,0.50090,0.21217,10.61
85,10,8,Hani_Rifai_192kbps,0.12424,0.05705,10.51
87,1,0,Hani_Rifai_192kbps,0.36000,0.20447,10.26
90,20,2,Mohammad_al_Tablaway_128kbps,0.50194,0.27640,10.21
97,4,5,Abu_Bakr_Ash-Shaatree_128kbps,0.35514,0.16931,9.83
109,5,1,Saood_ash-Shuraym_128kbps,0.05053,0.21047,9.67
111,2,1,Abdul_Basit_Murattal_64kbps,0.44444,0.15794,9.66
85,11,5,Hani_Rifai_192kbps,0.09793,0.03933,9.52
91,15,0,Saood_ash-Shuraym_128kbps,0.70068,0.20974,9.24
79,46,5,Hani_Rifai_192kbps,0.02472,0.07838,9.24
81,29,5,Alafasy_128kbps,0.02895,0.08475,8.88
83,27,1,Abdul_Basit_Murattal_64kbps,0.01263,0.19990,8.86
79,45,1,Alafasy_128kbps,0.30377,0.16369,8.82
88,21,2,Abu_Bakr_Ash-Shaatree_128kbps,0.40762,0.20120,8.39
109,3,1,Saood_ash-Shuraym_128kbps,0.07879,0.20980,8.32
78,38,4,Abdul_Basit_Murattal_64kbps,0.13397,0.03948,8.31
87,9,2,Husary_64kbps,0.43750,0.20400,8.27
86,4,1,Mohammad_al_Tablaway_128kbps,0.19109,0.11932,8.11
89,17,2,Saood_ash-Shuraym_128kbps,0.17466,0.06961,8.09
111,2,0,Abdul_Basit_Murattal_64kbps,-0.13605,0.24226,8.01
95,6,5,Abu_Bakr_Ash-Shaatree_128kbps,0.22331,0.10400,7.83
85,9,9,Alafasy_128kbps,0.24901,0.13815,7.64
83,34,0,Hani_Rifai_192kbps,0.30694,0.15362,7.50
82,8,1,Alafasy_128kbps,0.20674,0.08748,7.50
91,7,1,Alafasy_128kbps,0.34595,0.17243,7.44
85,7,5,Alafasy_128kbps,0.43312,0.23502,7.30
78,18,3,Hani_Rifai_192kbps,0.23913,0.15530,7.28
88,11,2,Husary_64kbps,0.46115,0.29954,7.28
90,20,2,Hani_Rifai_192kbps,0.43478,0.27640,7.17
87,9,2,Hani_Rifai_192kbps,0.40625,0.20400,7.17
80,23,4,Abdul_Basit_Murattal_64kbps,0.45040,0.18622,7.15
109,3,1,Mohammad_al_Tablaway_128kbps,0.32180,0.20980,7.11
80,2,1,Minshawy_Murattal_128kbps,0.17227,0.47765,7.10
90,17,7,Husary_64kbps,0.21784,0.14375,6.95
85,8,4,Minshawy_Murattal_128kbps,0.24292,0.10487,6.95
78,38,4,Mohammad_al_Tablaway_128kbps,0.11854,0.03948,6.95
89,24,0,Husary_64kbps,0.25062,0.16566,6.92
78,35,4,Alafasy_128kbps,0.09199,0.20919,6.82
98,5,1,Mohammad_al_Tablaway_128kbps,0.15537,0.08023,6.80
83,15,2,Saood_ash-Shuraym_128kbps,0.04000,0.02334,6.78
79,46,7,Minshawy_Murattal_128kbps,0.02133,0.04281,6.77
80,34,4,Alafasy_128kbps,0.47901,0.31928,6.75
89,21,1,Abu_Bakr_Ash-Shaatree_128kbps,0.25589,0.09911,6.71
79,37,0,Husary_64kbps,0.69512,0.46452,6.70
107,4,0,Mohammad_al_Tablaway_128kbps,0.20471,0.40331,6.64
85,8,4,Abu_Bakr_Ash-Shaatree_128kbps,0.23582,0.10487,6.59
84,9,1,Saood_ash-Shuraym_128kbps,0.13333,0.25580,6.46
88,11,3,Husary_64kbps,0.16554,0.31627,6.43
97,3,2,Hani_Rifai_192kbps,0.12469,0.30291,6.37
95,6,8,Alafasy_128kbps,0.31637,0.14786,6.36
89,8,5,Alafasy_128kbps,0.41157,0.27983,6.35
109,4,3,Alafasy_128kbps,0.22414,0.06268,6.35
78,30,2,Alafasy_128kbps,0.35427,0.23695,6.26
83,8,0,Husary_64kbps,0.03662,0.30173,6.23
113,1,0,Hani_Rifai_192kbps,0.30270,0.10131,6.15
95,6,5,Hani_Rifai_192kbps,0.19724,0.10400,6.12
79,12,2,Hani_Rifai_192kbps,0.02466,0.21932,6.12
78,21,0,Abu_Bakr_Ash-Shaatree_128kbps,0.29669,0.20449,6.08
90,16,2,Minshawy_Murattal_128kbps,0.01818,0.13848,6.07
89,28,1,Hani_Rifai_192kbps,0.17108,0.09555,6.07
107,4,0,Alafasy_128kbps,0.22179,0.40331,6.07
79,18,1,Hani_Rifai_192kbps,0.05236,0.11483,6.05
99,8,1,Abu_Bakr_Ash-Shaatree_128kbps,0.04639,0.12625,6.05
78,30,4,Alafasy_128kbps,0.11594,0.22322,6.02
80,8,2,Abdul_Basit_Murattal_64kbps,0.08772,0.33230,6.01
97,2,1,Alafasy_128kbps,0.57026,0.27643,5.97
96,19,0,Abdul_Basit_Murattal_64kbps,0.33673,0.20898,5.92
89,16,1,Minshawy_Murattal_128kbps,0.18971,0.06559,5.90
94,3,1,Saood_ash-Shuraym_128kbps,0.53738,0.31943,5.89
94,3,0,Saood_ash-Shuraym_128kbps,0.18692,0.44117,5.87
90,5,1,Hani_Rifai_192kbps,0.01980,0.03844,5.87
87,12,0,Saood_ash-Shuraym_128kbps,0.13061,0.22945,5.81
98,6,9,Abu_Bakr_Ash-Shaatree_128kbps,0.25097,0.09428,5.80
92,5,0,Hani_Rifai_192kbps,0.19020,0.36244,5.76
89,23,3,Saood_ash-Shuraym_128kbps,0.06787,0.11837,5.75
91,2,0,Hani_Rifai_192kbps,0.11982,0.34038,5.75
84,15,1,Minshawy_Murattal_128kbps,0.37890,0.17980,5.73
80,23,4,Mohammad_al_Tablaway_128kbps,0.39695,0.18622,5.70
85,4,2,Alafasy_128kbps,0.70879,0.49836,5.70
104,8,1,Alafasy_128kbps,0.20978,0.41123,5.68
85,18,0,Alafasy_128kbps,0.21311,0.41062,5.68
85,6,3,Alafasy_128kbps,0.64803,0.43147,5.63
104,9,2,Mohammad_al_Tablaway_128kbps,0.65843,0.37764,5.61
85,16,0,Alafasy_128kbps,0.19231,0.34724,5.59
79,37,1,Husary_64kbps,0.01829,0.27504,5.56
89,16,1,Alafasy_128kbps,0.18227,0.06559,5.54
81,29,6,Alafasy_128kbps,0.11828,0.06050,5.49
78,24,4,Alafasy_128kbps,0.08828,0.20045,5.46
90,17,8,Husary_64kbps,0.08985,0.15096,5.46
88,13,2,Minshawy_Murattal_128kbps,0.55631,0.38616,5.44
84,7,0,Husary_64kbps,0.05556,0.26329,5.44
83,15,1,Alafasy_128kbps,0.33561,0.19196,5.43
79,18,1,Saood_ash-Shuraym_128kbps,0.17081,0.11483,5.42
78,23,2,Abdul_Basit_Murattal_64kbps,0.59348,0.34651,5.41
96,11,2,Mohammad_al_Tablaway_128kbps,0.06988,0.15182,5.37
89,23,5,Saood_ash-Shuraym_128kbps,0.08209,0.13574,5.33
98,8,17,Saood_ash-Shuraym_128kbps,0.05273,0.03784,5.31
80,33,2,Abu_Bakr_Ash-Shaatree_128kbps,0.29245,0.52665,5.28
98,5,8,Abu_Bakr_Ash-Shaatree_128kbps,0.21441,0.11478,5.26
98,5,13,Hani_Rifai_192kbps,0.07494,0.05403,5.22
78,38,6,Alafasy_128kbps,0.30906,0.13777,5.22
81,29,3,Abdul_Basit_Murattal_64kbps,0.24538,0.11442,5.20
83,20,1,Alafasy_128kbps,0.61171,0.43459,5.16
89,4,0,Abdul_Basit_Murattal_64kbps,0.28395,0.45764,5.12
81,15,0,Minshawy_Murattal_128kbps,0.04144,0.30220,5.08
113,2,0,Alafasy_128kbps,0.42333,0.30785,5.06
80,34,4,Minshawy_Murattal_128kbps,0.19955,0.31928,5.06
112,1,2,Hani_Rifai_192kbps,0.13095,0.38048,5.06
80,33,0,Abu_Bakr_Ash-Shaatree_128kbps,0.20047,0.14489,5.04
89,23,6,Saood_ash-Shuraym_128kbps,0.05301,0.10325,5.03
112,1,0,Abdul_Basit_Murattal_64kbps,0.08537,0.13603,5.02
89,23,6,Hani_Rifai_192kbps,0.15323,0.10325,5.01
86,13,2,Minshawy_Murattal_128kbps,0.29474,0.16326,5.00
89,13,4,Alafasy_128kbps,0.44631,0.27061,4.95
84,15,0,Minshawy_Murattal_128kbps,0.03957,0.21992,4.94
82,17,3,Minshawy_Murattal_128kbps,0.20903,0.13373,4.94
79,46,4,Saood_ash-Shuraym_128kbps,0.12624,0.19886,4.93
78,30,1,Husary_64kbps,0.07821,0.21279,4.92
78,23,0,Hani_Rifai_192kbps,0.41425,0.28880,4.91
89,12,0,Alafasy_128kbps,0.48333,0.35434,4.91
81,19,0,Husary_64kbps,0.16053,0.29398,4.90
87,10,1,Alafasy_128kbps,0.37825,0.27759,4.89
82,8,3,Minshawy_Murattal_128kbps,0.17014,0.05509,4.88
79,27,3,Saood_ash-Shuraym_128kbps,0.09145,0.05265,4.88
85,13,2,Alafasy_128kbps,0.12408,0.20681,4.85
89,16,2,Alafasy_128kbps,0.01087,0.01735,4.84
92,18,0,Hani_Rifai_192kbps,0.08992,0.21070,4.82
97,2,1,Minshawy_Murattal_128kbps,0.51351,0.27643,4.82
93,8,2,Minshawy_Murattal_128kbps,0.39735,0.29285,4.81
88,14,1,Minshawy_Murattal_128kbps,0.58780,0.40245,4.81
80,22,2,Saood_ash-Shuraym_128kbps,0.47244,0.33377,4.79
81,27,1,Abdul_Basit_Murattal_64kbps,0.12528,0.09254,4.77
78,38,6,Abu_Bakr_Ash-Shaatree_128kbps,0.29286,0.13777,4.73
98,8,3,Minshawy_Murattal_128kbps,0.11157,0.06232,4.72
101,3,1,Alafasy_128kbps,0.67149,0.30004,4.70
83,6,1,Alafasy_128kbps,0.11126,0.17055,4.69
82,19,6,Saood_ash-Shuraym_128kbps,0.18401,0.11091,4.69
109,4,3,Mohammad_al_Tablaway_128kbps,0.18146,0.06268,4.67
84,7,1,Hani_Rifai_192kbps,0.13164,0.07844,4.67
106,4,0,Saood_ash-Shuraym_128kbps,0.10733,0.19725,4.66
80,16,0,Alafasy_128kbps,0.36697,0.65481,4.66
80,16,1,Alafasy_128kbps,0.63303,0.34519,4.66
97,4,8,Hani_Rifai_192kbps,0.06958,0.04714,4.66
81,24,0,Alafasy_128kbps,0.10217,0.15588,4.65
92,14,1,Mohammad_al_Tablaway_128kbps,0.10615,0.28145,4.64
87,17,2,Hani_Rifai_192kbps,0.46389,0.31378,4.64
82,8,2,Minshawy_Murattal_128kbps,0.12269,0.25628,4.63
83,6,0,Alafasy_128kbps,0.06649,0.10212,4.61
85,16,2,Alafasy_128kbps,0.60860,0.41624,4.61
114,1,2,Husary_64kbps,0.30631,0.22835,4.61
81,1,2,Hani_Rifai_192kbps,0.33542,0.50925,4.60
81,14,0,Saood_ash-Shuraym_128kbps,0.24621,0.18359,4.60
89,12,2,Alafasy_128kbps,0.25833,0.45207,4.59
90,8,2,Saood_ash-Shuraym_128kbps,0.08879,0.14823,4.59
89,17,1,Saood_ash-Shuraym_128kbps,0.02397,0.09222,4.58
82,8,3,Saood_ash-Shuraym_128kbps,0.16274,0.05509,4.57
78,23,2,Mohammad_al_Tablaway_128kbps,0.55447,0.34651,4.56
89,18,1,Abu_Bakr_Ash-Shaatree_128kbps,0.27315,0.44124,4.56
86,11,1,Husary_64kbps,0.22530,0.16844,4.55
90,16,1,Minshawy_Murattal_128kbps,0.30303,0.45733,4.55
86,2,1,Hani_Rifai_192kbps,0.50373,0.28643,4.53
85,18,1,Alafasy_128kbps,0.78689,0.58938,4.52
104,9,1,Mohammad_al_Tablaway_128kbps,0.22022,0.51817,4.52
91,13,4,Mohammad_al_Tablaway_128kbps,0.17252,0.12927,4.51
95,7,1,Alafasy_128kbps,0.22061,0.33129,4.51
84,16,1,Minshawy_Murattal_128kbps,0.62138,0.30981,4.50
83,32,3,Husary_64kbps,0.21693,0.09727,4.50
89,19,2,Abu_Bakr_Ash-Shaatree_128kbps,0.38293,0.14455,4.49
107,4,1,Mohammad_al_Tablaway_128kbps,0.79529,0.59669,4.49
104,1,2,Mohammad_al_Tablaway_128kbps,0.35065,0.26333,4.47
96,10,1,Hani_Rifai_192kbps,0.46000,0.23228,4.47
79,17,2,Hani_Rifai_192kbps,0.32068,0.22731,4.47
89,7,0,Mohammad_al_Tablaway_128kbps,0.29434,0.20990,4.47
100,7,3,Alafasy_128kbps,0.43974,0.33062,4.45
104,8,2,Alafasy_128kbps,0.43177,0.23790,4.42
79,18,4,Mohammad_al_Tablaway_128kbps,0.41708,0.16917,4.42
83,8,2,Alafasy_128kbps,0.04668,0.08621,4.41
78,19,3,Alafasy_128kbps,0.32692,0.24507,4.41
89,20,2,Alafasy_128kbps,0.17980,0.26741,4.41
102,8,2,Minshawy_Murattal_128kbps,0.22839,0.16871,4.41
92,14,2,Mohammad_al_Tablaway_128kbps,0.48464,0.29197,4.40
84,15,1,Saood_ash-Shuraym_128kbps,0.02695,0.17980,4.40
82,18,3,Husary_64kbps,0.09050,0.06651,4.39
101,7,2,Minshawy_Murattal_128kbps,0.38389,0.28977,4.38
114,1,2,Alafasy_128kbps,0.15425,0.22835,4.38
83,14,5,Husary_64kbps,0.06441,0.03828,4.38
95,2,0,Mohammad_al_Tablaway_128kbps,0.46347,0.35012,4.37
91,7,0,Alafasy_128kbps,0.24324,0.40451,4.36
82,8,5,Alafasy_128kbps,0.10264,0.17505,4.36
106,2,1,Alafasy_128kbps,0.09459,0.13973,4.36
78,25,2,Alafasy_128kbps,0.39076,0.57681,4.35
78,12,2,Saood_ash-Shuraym_128kbps,0.18414,0.27155,4.34
82,5,0,Mohammad_al_Tablaway_128kbps,0.11254,0.16590,4.34
84,25,7,Alafasy_128kbps,0.06216,0.09156,4.33
82,12,1,Husary_64kbps,0.03436,0.12050,4.31
111,3,2,Minshawy_Murattal_128kbps,0.36543,0.20000,4.30
80,33,0,Saood_ash-Shuraym_128kbps,0.09776,0.14489,4.27
80,38,1,Mohammad_al_Tablaway_128kbps,0.28516,0.43016,4.27
82,8,4,Saood_ash-Shuraym_128kbps,0.33019,0.23422,4.26
89,15,0,Alafasy_128kbps,0.10780,0.08197,4.25
83,7,1,Abdul_Basit_Murattal_64kbps,0.37042,0.16358,4.25
91,15,1,Saood_ash-Shuraym_128kbps,0.12472,0.30533,4.24
95,2,0,Alafasy_128kbps,0.24012,0.35012,4.24
78,30,2,Husary_64kbps,0.31620,0.23695,4.23
90,7,3,Hani_Rifai_192kbps,0.25606,0.41956,4.23
83,20,0,Alafasy_128kbps,0.38829,0.56541,4.23
90,8,3,Alafasy_128kbps,0.61895,0.43385,4.22
89,28,3,Minshawy_Murattal_128kbps,0.16819,0.29026,4.20
104,5,1,Abdul_Basit_Murattal_64kbps,0.59847,0.35153,4.20
84,20,2,Mohammad_al_Tablaway_128kbps,0.09800,0.14329,4.20
110,3,6,Saood_ash-Shuraym_128kbps,0.25746,0.18921,4.19
95,7,2,Alafasy_128kbps,0.10127,0.15597,4.19
79,42,3,Hani_Rifai_192kbps,0.12982,0.18821,4.19
85,5,1,Alafasy_128kbps,0.10373,0.18771,4.18
88,14,0,Minshawy_Murattal_128kbps,0.41220,0.59755,4.18
81,23,3,Alafasy_128kbps,0.45135,0.29625,4.18
84,14,2,Minshawy_Murattal_128kbps,0.07235,0.04118,4.18
88,8,1,Husary_64kbps,0.27048,0.39168,4.17
96,14,0,Minshawy_Murattal_128kbps,0.12934,0.09485,4.16
99,3,3,Saood_ash-Shuraym_128kbps,0.33610,0.16315,4.16
102,5,4,Alafasy_128kbps,0.46735,0.33524,4.16
78,37,9,Alafasy_128kbps,0.07980,0.11520,4.14
78,38,13,Alafasy_128kbps,0.05717,0.08249,4.14
86,4,0,Mohammad_al_Tablaway_128kbps,0.07620,0.13857,4.14
113,4,0,Alafasy_128kbps,0.25417,0.19460,4.13
104,3,3,Alafasy_128kbps,0.16870,0.24291,4.12
100,9,4,Alafasy_128kbps,0.05344,0.07815,4.12
81,27,1,Minshawy_Murattal_128kbps,0.12072,0.09254,4.11
107,4,1,Alafasy_128kbps,0.77821,0.59669,4.10
105,5,0,Alafasy_128kbps,0.16786,0.25861,4.10
91,11,0,Hani_Rifai_192kbps,0.31833,0.24417,4.10
89,11,2,Alafasy_128kbps,0.10833,0.07365,4.09
85,10,13,Alafasy_128kbps,0.18919,0.10330,4.06
86,2,0,Hani_Rifai_192kbps,0.08955,0.36868,4.06
99,5,2,Saood_ash-Shuraym_128kbps,0.43644,0.25560,4.05
98,7,4,Hani_Rifai_192kbps,0.21840,0.16797,4.05
114,2,0,Alafasy_128kbps,0.11934,0.26260,4.05
92,19,3,Hani_Rifai_192kbps,0.02305,0.12796,4.04
89,28,3,Saood_ash-Shuraym_128kbps,0.17303,0.29026,4.04
84,20,2,Alafasy_128kbps,0.09977,0.14329,4.03
79,34,0,Husary_64kbps,0.14023,0.10172,4.03
98,8,19,Saood_ash-Shuraym_128kbps,0.05209,0.03079,4.02
79,18,4,Abdul_Basit_Murattal_64kbps,0.39444,0.16917,4.01
98,6,7,Hani_Rifai_192kbps,0.01190,0.02911,4.00
78,35,5,Alafasy_128kbps,0.16865,0.24172,4.00
79,37,2,Hani_Rifai_192kbps,0.15947,0.26799,3.99
96,14,3,Mohammad_al_Tablaway_128kbps,0.22414,0.17168,3.99
84,21,1,Hani_Rifai_192kbps,0.06383,0.09292,3.96
85,8,8,Alafasy_128kbps,0.24893,0.16939,3.94
81,20,2,Abdul_Basit_Murattal_64kbps,0.28544,0.20487,3.93
88,14,1,Husary_64kbps,0.55370,0.40245,3.93
78,2,0,Minshawy_Murattal_128kbps,0.33028,0.15657,3.91
80,26,0,Alafasy_128kbps,0.36259,0.26799,3.90
85,19,4,Alafasy_128kbps,0.54927,0.36412,3.89
82,1,2,Hani_Rifai_192kbps,0.24516,0.37152,3.88
88,21,2,Saood_ash-Shuraym_128kbps,0.29642,0.20120,3.87
89,25,1,Husary_64kbps,0.11821,0.08453,3.86
98,5,4,Hani_Rifai_192kbps,0.07963,0.04124,3.85
80,2,0,Minshawy_Murattal_128kbps,0.50840,0.25699,3.84
78,30,1,Alafasy_128kbps,0.10789,0.21279,3.84
91,12,0,Minshawy_Murattal_128kbps,0.18841,0.12241,3.80
78,37,5,Hani_Rifai_192kbps,0.21408,0.14599,3.79
89,11,1,Alafasy_128kbps,0.12917,0.19366,3.79
83,16,0,Abu_Bakr_Ash-Shaatree_128kbps,0.26384,0.19023,3.78
107,3,4,Alafasy_128kbps,0.53605,0.36300,3.77
95,7,3,Alafasy_128kbps,0.58228,0.38110,3.77
83,27,0,Abdul_Basit_Murattal_64kbps,0.62626,0.40045,3.76
79,43,2,Alafasy_128kbps,0.28667,0.20501,3.75
87,18,0,Alafasy_128kbps,0.27615,0.20776,3.74
90,13,0,Husary_64kbps,0.64311,0.40095,3.73
90,13,1,Husary_64kbps,0.35689,0.59905,3.73
82,8,2,Saood_ash-Shuraym_128kbps,0.14858,0.25628,3.73
97,3,3,Mohammad_al_Tablaway_128kbps,0.11634,0.07772,3.73
83,32,4,Husary_64kbps,0.13845,0.26208,3.73
78,38,3,Saood_ash-Shuraym_128kbps,0.25528,0.17205,3.73
78,26,1,Saood_ash-Shuraym_128kbps,0.46341,0.33659,3.72
107,1,3,Alafasy_128kbps,0.50090,0.31431,3.72
106,4,3,Abdul_Basit_Murattal_64kbps,0.07549,0.13860,3.71
80,37,3,Alafasy_128kbps,0.11201,0.22918,3.71
83,7,3,Alafasy_128kbps,0.13104,0.18741,3.70
84,25,4,Hani_Rifai_192kbps,0.24067,0.17536,3.70
89,7,2,Mohammad_al_Tablaway_128kbps,0.32830,0.51172,3.70
81,25,3,Minshawy_Murattal_128kbps,0.35860,0.25901,3.68
83,19,1,Saood_ash-Shuraym_128kbps,0.03529,0.21494,3.68
83,12,1,Saood_ash-Shuraym_128kbps,0.21528,0.15581,3.68
82,5,2,Husary_64kbps,0.09401,0.06405,3.68
90,20,1,Mohammad_al_Tablaway_128kbps,0.18605,0.42442,3.68
80,8,2,Saood_ash-Shuraym_128kbps,0.48166,0.33230,3.67
80,34,3,Alafasy_128kbps,0.06107,0.09868,3.66
109,1,1,Minshawy_Murattal_128kbps,0.60149,0.45338,3.65
104,5,0,Abdul_Basit_Murattal_64kbps,0.05882,0.31142,3.65
79,18,4,Minshawy_Murattal_128kbps,0.37342,0.16917,3.64
85,15,0,Minshawy_Murattal_128kbps,0.14759,0.07090,3.64
83,16,0,Abdul_Basit_Murattal_64kbps,0.26096,0.19023,3.63
84,22,0,Abu_Bakr_Ash-Shaatree_128kbps,0.10929,0.07463,3.63
86,2,2,Minshawy_Murattal_128kbps,0.02957,0.05096,3.63
88,7,4,Husary_64kbps,0.13350,0.19212,3.63
85,17,3,Alafasy_128kbps,0.59717,0.40017,3.61
82,8,4,Alafasy_128kbps,0.31525,0.23422,3.60
85,11,10,Alafasy_128kbps,0.19451,0.13391,3.58
80,5,1,Husary_64kbps,0.19811,0.12350,3.57
92,1,0,Hani_Rifai_192kbps,0.21030,0.34491,3.56
87,9,0,Hani_Rifai_192kbps,0.16741,0.24287,3.56
105,3,1,Alafasy_128kbps,0.16694,0.24752,3.56
96,11,1,Mohammad_al_Tablaway_128kbps,0.34276,0.20143,3.56
85,6,2,Alafasy_128kbps,0.20911,0.34763,3.54
89,4,1,Abdul_Basit_Murattal_64kbps,0.39918,0.28864,3.54
109,4,2,Alafasy_128kbps,0.16552,0.33332,3.54
83,28,2,Abdul_Basit_Murattal_64kbps,0.12896,0.08575,3.53
101,3,1,Abdul_Basit_Murattal_64kbps,0.57859,0.30004,3.52
90,7,3,Saood_ash-Shuraym_128kbps,0.28395,0.41956,3.51
107,2,3,Alafasy_128kbps,0.53516,0.36547,3.50
79,45,3,Hani_Rifai_192kbps,0.05351,0.12775,3.50
83,1,0,Husary_64kbps,0.29221,0.20068,3.49
101,10,1,Mohammad_al_Tablaway_128kbps,0.67157,0.35483,3.49
89,7,0,Alafasy_128kbps,0.27568,0.20990,3.48
89,20,1,Mohammad_al_Tablaway_128kbps,0.23601,0.17098,3.48
105,3,3,Alafasy_128kbps,0.53191,0.35683,3.47
78,26,1,Hani_Rifai_192kbps,0.45479,0.33659,3.47
95,6,8,Mohammad_al_Tablaway_128kbps,0.23976,0.14786,3.47
78,17,0,Alafasy_128kbps,0.07517,0.21349,3.44
80,19,0,Alafasy_128kbps,0.30316,0.20946,3.43
83,32,5,Minshawy_Murattal_128kbps,0.10259,0.34200,3.42
95,3,0,Alafasy_128kbps,0.17620,0.25902,3.41
96,19,4,Saood_ash-Shuraym_128kbps,0.32267,0.24252,3.40
81,14,1,Hani_Rifai_192kbps,0.43454,0.32504,3.39
83,18,1,Minshawy_Murattal_128kbps,0.32330,0.17670,3.39
98,1,0,Abdul_Basit_Murattal_64kbps,0.01524,0.02468,3.38
89,16,1,Abu_Bakr_Ash-Shaatree_128kbps,0.13665,0.06559,3.38
78,23,2,Alafasy_128kbps,0.50045,0.34651,3.38
79,14,1,Alafasy_128kbps,0.37356,0.26210,3.37
83,3,4,Alafasy_128kbps,0.43876,0.29917,3.36
89,18,4,Alafasy_128kbps,0.35635,0.23267,3.35
114,4,2,Alafasy_128kbps,0.17004,0.25987,3.34
83,12,2,Saood_ash-Shuraym_128kbps,0.10880,0.21634,3.34
80,11,1,Minshawy_Murattal_128kbps,0.65370,0.39677,3.33
85,13,3,Alafasy_128kbps,0.50665,0.37493,3.33
111,2,1,Saood_ash-Shuraym_128kbps,0.05937,0.15794,3.32
84,15,1,Hani_Rifai_192kbps,0.06513,0.17980,3.30
83,34,5,Alafasy_128kbps,0.40809,0.25794,3.30
82,18,5,Minshawy_Murattal_128kbps,0.11307,0.23280,3.30
96,19,0,Minshawy_Murattal_128kbps,0.28000,0.20898,3.29
83,26,5,Alafasy_128kbps,0.39027,0.27874,3.29
90,1,0,Husary_64kbps,0.30972,0.10812,3.28
88,13,1,Minshawy_Murattal_128kbps,0.20270,0.38937,3.28
89,20,3,Mohammad_al_Tablaway_128kbps,0.13986,0.27470,3.28
90,8,1,Saood_ash-Shuraym_128kbps,0.39720,0.26951,3.27
114,5,2,Alafasy_128kbps,0.04793,0.07721,3.27
83,4,0,Hani_Rifai_192kbps,0.10496,0.06761,3.26
114,1,1,Alafasy_128kbps,0.14038,0.20852,3.26
83,8,0,Saood_ash-Shuraym_128kbps,0.44033,0.30173,3.26
91,3,1,Hani_Rifai_192kbps,0.22442,0.16728,3.25
81,23,3,Mohammad_al_Tablaway_128kbps,0.41682,0.29625,3.25
109,4,4,Saood_ash-Shuraym_128kbps,0.32249,0.24137,3.24
87,17,1,Hani_Rifai_192kbps,0.14722,0.31162,3.24
90,8,1,Alafasy_128kbps,0.14315,0.26951,3.24
85,12,0,Abu_Bakr_Ash-Shaatree_128kbps,0.32161,0.23704,3.23
89,7,2,Alafasy_128kbps,0.35135,0.51172,3.23
89,23,0,Saood_ash-Shuraym_128kbps,0.07369,0.12787,3.22
102,3,0,Alafasy_128kbps,0.16702,0.24191,3.22
106,4,3,Alafasy_128kbps,0.08391,0.13860,3.22
87,16,0,Abdul_Basit_Murattal_64kbps,0.04545,0.08724,3.21
114,1,0,Minshawy_Murattal_128kbps,0.10094,0.06901,3.21
82,19,7,Hani_Rifai_192kbps,0.20246,0.13169,3.20
87,7,1,Husary_64kbps,0.05461,0.04151,3.20
84,16,0,Minshawy_Murattal_128kbps,0.05122,0.36368,3.19
87,13,0,Alafasy_128kbps,0.28790,0.20923,3.19
83,15,0,Alafasy_128kbps,0.04780,0.19000,3.19
85,11,13,Alafasy_128kbps,0.15744,0.08951,3.18
85,17,2,Alafasy_128kbps,0.17611,0.26360,3.18
83,14,5,Hani_Rifai_192kbps,0.05718,0.03828,3.17
104,6,0,Hani_Rifai_192kbps,0.31716,0.23881,3.16
82,19,5,Saood_ash-Shuraym_128kbps,0.08145,0.15981,3.16
98,8,12,Alafasy_128kbps,0.03549,0.02684,3.16
100,8,3,Alafasy_128kbps,0.43164,0.31441,3.16
85,9,9,Minshawy_Murattal_128kbps,0.09241,0.13815,3.15
79,40,2,Abu_Bakr_Ash-Shaatree_128kbps,0.12209,0.09351,3.15
78,14,3,Mohammad_al_Tablaway_128kbps,0.35968,0.27639,3.15
82,19,6,Hani_Rifai_192kbps,0.15996,0.11091,3.14
89,6,5,Alafasy_128kbps,0.41714,0.30536,3.14
79,27,2,Husary_64kbps,0.15728,0.11717,3.13
79,45,0,Mohammad_al_Tablaway_128kbps,0.17114,0.31618,3.13
83,2,5,Alafasy_128kbps,0.39481,0.29998,3.13
104,6,0,Minshawy_Murattal_128kbps,0.31624,0.23881,3.12
98,5,0,Mohammad_al_Tablaway_128kbps,0.03017,0.07199,3.12
84,6,4,Saood_ash-Shuraym_128kbps,0.06259,0.04600,3.10
101,10,3,Saood_ash-Shuraym_128kbps,0.22791,0.15318,3.10
99,8,1,Alafasy_128kbps,0.08535,0.12625,3.10
107,6,0,Alafasy_128kbps,0.16593,0.27953,3.10
107,6,1,Alafasy_128kbps,0.06314,0.11019,3.09
111,3,1,Minshawy_Murattal_128kbps,0.17287,0.35433,3.08
101,10,1,Abdul_Basit_Murattal_64kbps,0.63462,0.35483,3.08
111,1,1,Hani_Rifai_192kbps,0.24088,0.11755,3.07
83,22,2,Alafasy_128kbps,0.10427,0.16014,3.07
85,11,10,Mohammad_al_Tablaway_128kbps,0.18574,0.13391,3.06
82,6,5,Minshawy_Murattal_128kbps,0.13830,0.21970,3.06
79,45,4,Hani_Rifai_192kbps,0.30769,0.18763,3.04
101,4,2,Abdul_Basit_Murattal_64kbps,0.09761,0.20787,3.03
83,24,0,Saood_ash-Shuraym_128kbps,0.18639,0.14123,3.03
82,18,5,Alafasy_128kbps,0.34277,0.23280,3.03
82,6,5,Abdul_Basit_Murattal_64kbps,0.13921,0.21970,3.02
89,10,1,Abdul_Basit_Murattal_64kbps,0.13043,0.08564,3.02
84,8,2,Hani_Rifai_192kbps,0.33097,0.25398,3.02
97,4,3,Hani_Rifai_192kbps,0.15905,0.09853,3.01
98,5,1,Saood_ash-Shuraym_128kbps,0.04695,0.08023,3.01
111,1,4,Saood_ash-Shuraym_128kbps,0.33448,0.18854,3.00
99,5,3,Saood_ash-Shuraym_128kbps,0.07170,0.15838,2.98
109,4,2,Mohammad_al_Tablaway_128kbps,0.19191,0.33332,2.98
92,15,0,Alafasy_128kbps,0.06190,0.09035,2.97
83,31,1,Hani_Rifai_192kbps,0.19128,0.27985,2.97
101,4,1,Abdul_Basit_Murattal_64kbps,0.28913,0.16018,2.97
88,7,5,Minshawy_Murattal_128kbps,0.13718,0.25336,2.96
80,4,0,Saood_ash-Shuraym_128kbps,0.05202,0.07506,2.96
85,8,8,Minshawy_Murattal_128kbps,0.11006,0.16939,2.94
82,17,3,Saood_ash-Shuraym_128kbps,0.17857,0.13373,2.94
99,7,0,Hani_Rifai_192kbps,0.27241,0.18932,2.94
114,4,1,Alafasy_128kbps,0.09177,0.13710,2.94
88,3,0,Alafasy_128kbps,0.72492,0.48240,2.93
88,3,1,Alafasy_128kbps,0.27508,0.51760,2.93
84,23,3,Alafasy_128kbps,0.52463,0.35632,2.93
99,7,4,Hani_Rifai_192kbps,0.10517,0.23571,2.93
114,5,3,Alafasy_128kbps,0.12824,0.18805,2.93
92,1,1,Hani_Rifai_192kbps,0.35193,0.23888,2.92
83,36,5,Minshawy_Murattal_128kbps,0.23684,0.35406,2.91
85,7,2,Alafasy_128kbps,0.04841,0.06940,2.91
83,6,4,Alafasy_128kbps,0.48575,0.34867,2.91
78,32,0,Alafasy_128kbps,0.34328,0.52971,2.91
78,32,1,Alafasy_128kbps,0.65672,0.47029,2.91
95,5,2,Alafasy_128kbps,0.11765,0.16966,2.90
81,14,3,Abu_Bakr_Ash-Shaatree_128kbps,0.48309,0.27514,2.90
85,4,1,Alafasy_128kbps,0.19597,0.31943,2.90
90,5,2,Alafasy_128kbps,0.34454,0.26231,2.90
85,8,5,Hani_Rifai_192kbps,0.13111,0.10076,2.90
83,13,6,Alafasy_128kbps,0.39121,0.23794,2.90
83,31,0,Saood_ash-Shuraym_128kbps,0.10132,0.06978,2.89
83,32,2,Saood_ash-Shuraym_128kbps,0.08344,0.15118,2.89
83,25,1,Abdul_Basit_Murattal_64kbps,0.01505,0.02404,2.89
100,10,2,Abdul_Basit_Murattal_64kbps,0.09787,0.06965,2.88
98,5,7,Minshawy_Murattal_128kbps,0.06825,0.04149,2.88
106,2,3,Alafasy_128kbps,0.40418,0.26429,2.87
78,37,5,Abu_Bakr_Ash-Shaatree_128kbps,0.09442,0.14599,2.87
82,15,2,Alafasy_128kbps,0.51095,0.35405,2.87
95,3,2,Alafasy_128kbps,0.63387,0.46318,2.87
84,22,0,Minshawy_Murattal_128kbps,0.10192,0.07463,2.86
106,3,3,Alafasy_128kbps,0.50466,0.33437,2.85
84,25,8,Alafasy_128kbps,0.36015,0.19379,2.84
84,25,5,Abdul_Basit_Murattal_64kbps,0.09455,0.06987,2.84
85,6,1,Minshawy_Murattal_128kbps,0.16010,0.11400,2.84
107,3,4,Mohammad_al_Tablaway_128kbps,0.49294,0.36300,2.83
104,9,2,Saood_ash-Shuraym_128kbps,0.23629,0.37764,2.82
89,21,0,Abu_Bakr_Ash-Shaatree_128kbps,0.08418,0.22486,2.82
78,39,2,Saood_ash-Shuraym_128kbps,0.08496,0.14690,2.82
78,37,5,Abdul_Basit_Murattal_64kbps,0.19660,0.14599,2.82
98,1,0,Husary_64kbps,0.01684,0.02468,2.81
90,9,0,Alafasy_128kbps,0.18587,0.31086,2.81
85,11,0,Abu_Bakr_Ash-Shaatree_128kbps,0.07903,0.05891,2.80
78,2,1,Alafasy_128kbps,0.13004,0.35059,2.79
85,12,3,Alafasy_128kbps,0.52970,0.37368,2.78
84,13,2,Saood_ash-Shuraym_128kbps,0.12155,0.22122,2.78
85,5,2,Alafasy_128kbps,0.56888,0.41355,2.77
96,6,1,Minshawy_Murattal_128kbps,0.42967,0.22461,2.76
101,3,0,Abdul_Basit_Murattal_64kbps,0.05239,0.30887,2.76
97,1,1,Mohammad_al_Tablaway_128kbps,0.27969,0.46280,2.76
98,8,0,Alafasy_128kbps,0.11969,0.08264,2.74
102,4,1,Alafasy_128kbps,0.14310,0.20635,2.74
89,23,7,Husary_64kbps,0.04950,0.02906,2.73
97,1,0,Mohammad_al_Tablaway_128kbps,0.40517,0.19786,2.73
89,6,5,Minshawy_Murattal_128kbps,0.20833,0.30536,2.72
98,2,1,Hani_Rifai_192kbps,0.02899,0.05014,2.72
91,15,1,Minshawy_Murattal_128kbps,0.42092,0.30533,2.71
107,3,2,Alafasy_128kbps,0.09875,0.14489,2.70
107,1,3,Abdul_Basit_Murattal_64kbps,0.17910,0.31431,2.70
90,8,0,Minshawy_Murattal_128kbps,0.17011,0.12272,2.70
92,11,3,Saood_ash-Shuraym_128kbps,0.19469,0.30359,2.69
114,1,3,Alafasy_128kbps,0.65338,0.49441,2.68
102,8,4,Minshawy_Murattal_128kbps,0.21677,0.34799,2.68
101,3,0,Alafasy_128kbps,0.05992,0.30887,2.68
84,25,2,Minshawy_Murattal_128kbps,0.14460,0.10801,2.68
108,1,2,Alafasy_128kbps,0.16056,0.24133,2.67
85,14,2,Alafasy_128kbps,0.67004,0.48206,2.67
83,36,5,Abdul_Basit_Murattal_64kbps,0.24660,0.35406,2.67
89,21,5,Mohammad_al_Tablaway_128kbps,0.07988,0.17091,2.67
89,17,0,Abdul_Basit_Murattal_64kbps,0.33333,0.20687,2.67
99,7,1,Saood_ash-Shuraym_128kbps,0.05345,0.11483,2.66
79,34,1,Hani_Rifai_192kbps,0.18498,0.26944,2.66
83,32,2,Minshawy_Murattal_128kbps,0.21320,0.15118,2.65
114,4,0,Husary_64kbps,0.09953,0.16125,2.65
107,6,0,Hani_Rifai_192kbps,0.37654,0.27953,2.64
88,5,1,Hani_Rifai_192kbps,0.06646,0.10666,2.64
83,11,3,Alafasy_128kbps,0.43158,0.26045,2.64
96,6,3,Saood_ash-Shuraym_128kbps,0.30372,0.22346,2.63
85,4,0,Alafasy_128kbps,0.09524,0.16113,2.63
93,6,2,Minshawy_Murattal_128kbps,0.21869,0.35211,2.63
80,13,0,Hani_Rifai_192kbps,0.04681,0.10941,2.62
82,6,2,Husary_64kbps,0.06610,0.04893,2.62
81,22,0,Minshawy_Murattal_128kbps,0.16736,0.12764,2.61
85,13,1,Alafasy_128kbps,0.06352,0.10859,2.61
84,6,4,Hani_Rifai_192kbps,0.03208,0.04600,2.60
96,19,1,Abdul_Basit_Murattal_64kbps,0.05918,0.08895,2.60
98,5,12,Alafasy_128kbps,0.15223,0.10155,2.60
80,17,2,Mohammad_al_Tablaway_128kbps,0.01877,0.23415,2.60
113,3,0,Alafasy_128kbps,0.31364,0.22779,2.59
89,28,2,Hani_Rifai_192kbps,0.08289,0.12871,2.59
114,5,1,Alafasy_128kbps,0.13083,0.20204,2.58
97,1,4,Alafasy_128kbps,0.07638,0.12875,2.57
78,39,4,Saood_ash-Shuraym_128kbps,0.24513,0.17305,2.57
90,8,0,Abu_Bakr_Ash-Shaatree_128kbps,0.16779,0.12272,2.56
111,3,3,Saood_ash-Shuraym_128kbps,0.23574,0.14939,2.56
112,3,0,Minshawy_Murattal_128kbps,0.16376,0.11575,2.56
106,4,2,Mohammad_al_Tablaway_128kbps,0.13447,0.09304,2.54
89,7,1,Mohammad_al_Tablaway_128kbps,0.37736,0.28617,2.54
99,3,2,Mohammad_al_Tablaway_128kbps,0.15532,0.10456,2.54
100,10,2,Mohammad_al_Tablaway_128kbps,0.04485,0.06965,2.53
105,5,1,Mohammad_al_Tablaway_128kbps,0.18785,0.35219,2.53
105,1,6,Alafasy_128kbps,0.35662,0.22772,2.53
98,6,13,Husary_64kbps,0.03096,0.02103,2.52
111,2,0,Alafasy_128kbps,0.36093,0.24226,2.51
91,5,2,Minshawy_Murattal_128kbps,0.20339,0.29164,2.51
83,32,2,Hani_Rifai_192kbps,0.09243,0.15118,2.51
83,10,1,Abdul_Basit_Murattal_64kbps,0.34773,0.23788,2.50
89,16,8,Hani_Rifai_192kbps,0.09847,0.15886,2.50
